Hole,C5,C#5,D5,D#5,E5,F5,F#5,G5,G#5,A5,A#5,B5,C6,C#6,D6,D#6,E6,F6,F#6,G6,G#6,A6,A#6,B6,C7,C#7
Key 1,C,C,C,C,C,C,C,C,C,C,C,C,C,O,O,O,H,H,H,H,H,H,H,H,H,H
Key 2,C,C,C,C,C,C,C,C,C,C,C,C,O,C,O,C,C,C,C,C,C,C,C,C,C,C
Key 3,C,C,C,C,C,C,C,C,C,C,O,O,C,C,C,C,C,C,C,C,C,C,C,C,O,O
Key 4,C,C,C,C,C,C,C,C,O,O,C,O,O,O,O,C,C,C,C,C,O,O,O,O,O,C
Hole 5,C,C,C,C,C,C,O,O,C,O,C,O,O,O,O,C,C,C,O,O,C,O,C,C,C,C
Hole 6,C,C,C,C,C,O,C,O,C,O,O,O,O,O,O,C,C,O,C,O,O,O,C,C,C,O
Hole 7L,C,C,C,C,O,C,C,O,O,O,C,O,O,O,O,C,O,C,O,O,O,O,C,O,O,O
Hole 7R,C,C,C,O,O,C,C,O,O,O,C,O,O,O,O,C,O,C,O,O,O,O,C,O,O,O
Hole 8L,C,C,O,O,O,C,O,O,O,O,O,O,O,O,O,O,O,O,O,O,O,O,O,O,O,O
Hole 8R,C,O,O,O,O,C,O,O,O,O,O,O,O,O,O,O,O,O,O,O,O,O,O,O,O,O
